USE Ejercicio_3;

INSERT INTO Cliente (IdCliente, Nombre, RespIVA, CUIT) VALUES (1, 'Juan','123qw',3095513451);
INSERT INTO Cliente (IdCliente, Nombre, RespIVA, CUIT) VALUES (2, 'Hernan','143qw',3325513451);
INSERT INTO Cliente (IdCliente, Nombre, RespIVA, CUIT) VALUES (3, 'Sergio','163qw',30953243451);
INSERT INTO Cliente (IdCliente, Nombre, RespIVA, CUIT) VALUES (4, 'Jesica','183qw',3095223451);
INSERT INTO Cliente (IdCliente, Nombre, RespIVA, CUIT) VALUES (5, 'Fernando','1893qw',30946783451);
INSERT INTO Cliente (IdCliente, Nombre, RespIVA, CUIT) VALUES (6, 'Esteban','1673qw',3095456451);
INSERT INTO Cliente (IdCliente, Nombre, RespIVA, CUIT) VALUES (7, 'Gustavo','1793qw',3326423451);
INSERT INTO Cliente (IdCliente, Nombre, RespIVA, CUIT) VALUES (8, 'Ruben','1676w',309234243451);
INSERT INTO Cliente (IdCliente, Nombre, RespIVA, CUIT) VALUES (9, 'Ariel','18378',3097788451);

INSERT INTO Direccion (IdDir, IdPers, Calle, Nro, Piso, Dpto) VALUES (1, 1, 'Villegas','1780',NULL,NULL);
INSERT INTO Direccion (IdDir, IdPers, Calle, Nro, Piso, Dpto) VALUES (2, 1, 'Aquino','1790','3','B');
INSERT INTO Direccion (IdDir, IdPers, Calle, Nro, Piso, Dpto) VALUES (3, 1, 'Morlaco','1250','7','A');
INSERT INTO Direccion (IdDir, IdPers, Calle, Nro, Piso, Dpto) VALUES (4, 1, 'Fornuloco','8980',NULL,NULL);
INSERT INTO Direccion (IdDir, IdPers, Calle, Nro, Piso, Dpto) VALUES (5, 1, 'Galmarini','280','3','C');
INSERT INTO Direccion (IdDir, IdPers, Calle, Nro, Piso, Dpto) VALUES (6, 1, 'Leandro Alem','80',NULL,NULL);
INSERT INTO Direccion (IdDir, IdPers, Calle, Nro, Piso, Dpto) VALUES (7, 1, 'Santa Rosa','180','8','D');
INSERT INTO Direccion (IdDir, IdPers, Calle, Nro, Piso, Dpto) VALUES (8, 1, 'Budaguest','10',NULL,NULL);
INSERT INTO Direccion (IdDir, IdPers, Calle, Nro, Piso, Dpto) VALUES (9, 1, 'Rivadavia','3520',NULL,NULL);
INSERT INTO Direccion (IdDir, IdPers, Calle, Nro, Piso, Dpto) VALUES (10, 1, 'Rolchart','2580',NULL,NULL);

INSERT INTO Proveedor (IdProveedor, Nombre, ResponsabilidadCivil, CUIT) VALUES (1, 'Ricardo','223qw',3094413451);
INSERT INTO Proveedor (IdProveedor, Nombre, ResponsabilidadCivil, CUIT) VALUES (2, 'Daniel','223qw',3094413451);
INSERT INTO Proveedor (IdProveedor, Nombre, ResponsabilidadCivil, CUIT) VALUES (3, 'Ines','243qw',3324413451);
INSERT INTO Proveedor (IdProveedor, Nombre, ResponsabilidadCivil, CUIT) VALUES (4, 'Nancy','263qw',30943243451);
INSERT INTO Proveedor (IdProveedor, Nombre, ResponsabilidadCivil, CUIT) VALUES (5, 'Jesica','283qw',3094223451);
INSERT INTO Proveedor (IdProveedor, Nombre, ResponsabilidadCivil, CUIT) VALUES (6, 'Fernando','2893qw',30944583451);
INSERT INTO Proveedor (IdProveedor, Nombre, ResponsabilidadCivil, CUIT) VALUES (7, 'Esteban','2673qw',3095546451);
INSERT INTO Proveedor (IdProveedor, Nombre, ResponsabilidadCivil, CUIT) VALUES (8, 'Gustavo','2793qw',3426423451);
INSERT INTO Proveedor (IdProveedor, Nombre, ResponsabilidadCivil, CUIT) VALUES (9, 'Ruben','2676w',329234243451);
INSERT INTO Proveedor (IdProveedor, Nombre, ResponsabilidadCivil, CUIT) VALUES (10,'Ariel','28378',3297788451);

INSERT INTO Producto (IdProducto, IdProveedor, Nombre, Descripcion, Estado) VALUES (1, 1, 'Goma','Libreria','Stock');
INSERT INTO Producto (IdProducto, IdProveedor, Nombre, Descripcion, Estado) VALUES (2, 2, 'Libro','Libreria','Sin Stock');
INSERT INTO Producto (IdProducto, IdProveedor, Nombre, Descripcion, Estado) VALUES (3, 3, 'Hojas','Libreria','Stock');
INSERT INTO Producto (IdProducto, IdProveedor, Nombre, Descripcion, Estado) VALUES (4, 2, 'Birome','Libreria','Sin Stock');
INSERT INTO Producto (IdProducto, IdProveedor, Nombre, Descripcion, Estado) VALUES (5, 3, 'Lapicera','Libreria','Sin Stock');
INSERT INTO Producto (IdProducto, IdProveedor, Nombre, Descripcion, Estado) VALUES (6, 3, 'Cuaderno','Libreria','Stock');
INSERT INTO Producto (IdProducto, IdProveedor, Nombre, Descripcion, Estado) VALUES (7, 4, 'Clip','Libreria','Stock');
INSERT INTO Producto (IdProducto, IdProveedor, Nombre, Descripcion, Estado) VALUES (8, 5, 'Cartuchera','Libreria','Stock');
INSERT INTO Producto (IdProducto, IdProveedor, Nombre, Descripcion, Estado) VALUES (9, 6, 'Carpeta','Libreria','Stock');
INSERT INTO Producto (IdProducto, IdProveedor, Nombre, Descripcion, Estado) VALUES (10,7, 'Secante','Libreria','Stock');

INSERT INTO Vendedor VALUES (1, 'Sergio', 'Adamoli', 35204761);
INSERT INTO Vendedor VALUES (2, 'Hernan', 'Bruno', 32204761);
INSERT INTO Vendedor VALUES (3, 'Hernan', 'Jalil', 35204009);
INSERT INTO Vendedor VALUES (4, 'Luis', 'Palomares', 32204153);
INSERT INTO Vendedor VALUES (5, 'Jesica', 'Sieiro', 31204761);
INSERT INTO Vendedor VALUES (6, 'Roberto', 'Granja', 34204761);
INSERT INTO Vendedor VALUES (7, 'Gustavo', 'Fornica', 45204761);
INSERT INTO Vendedor VALUES (8, 'Ariel', 'Zerpa', 25204761);
INSERT INTO Vendedor VALUES (9, 'Rafael', 'Miceli', 55204761);
INSERT INTO Vendedor VALUES (10, 'Daniel', 'Bustamante', 35204661);
INSERT INTO Vendedor VALUES (11, 'Ingrid', 'Vadala', 35204561);
INSERT INTO Vendedor VALUES (12, 'Alberto', 'Fernandez', 35204731);
INSERT INTO Vendedor VALUES (13, 'Natalia', 'Crespo', 35204091);
INSERT INTO Vendedor VALUES (14, 'Matias', 'Lopez', 32204800);
INSERT INTO Vendedor VALUES (15, 'Guillermo', 'Giannotti', 25204666);

INSERT INTO Venta (NroFactura, IdCliente, IdVendedor, Fecha) VALUES (1, 4, 2, '2011-06-26');
INSERT INTO Venta (NroFactura, IdCliente, IdVendedor, Fecha) VALUES (2, 2, 2, '2011-05-26');
INSERT INTO Venta (NroFactura, IdCliente, IdVendedor, Fecha) VALUES (3, 3, 5, '2011-04-26');
INSERT INTO Venta (NroFactura, IdCliente, IdVendedor, Fecha) VALUES (4, 1, 6, '2011-03-26');
INSERT INTO Venta (NroFactura, IdCliente, IdVendedor, Fecha) VALUES (5, 5, 7, '2011-02-26');
INSERT INTO Venta (NroFactura, IdCliente, IdVendedor, Fecha) VALUES (6, 1, 8, '2011-01-26');
INSERT INTO Venta (NroFactura, IdCliente, IdVendedor, Fecha) VALUES (7, 3, 9, '2011-07-26');
INSERT INTO Venta (NroFactura, IdCliente, IdVendedor, Fecha) VALUES (8, 4, 10, '2011-08-26');
INSERT INTO Venta (NroFactura, IdCliente, IdVendedor, Fecha) VALUES (9, 5, 11, '2011-09-26');
INSERT INTO Venta (NroFactura, IdCliente, IdVendedor, Fecha) VALUES (10, 5, 15, '2019-09-26');
INSERT INTO Venta (NroFactura, IdCliente, IdVendedor, Fecha) VALUES (11, 1, 1, '2020-06-02');
INSERT INTO Venta (NroFactura, IdCliente, IdVendedor, Fecha) VALUES (12, 1, 2, '2020-06-02');
INSERT INTO Venta (NroFactura, IdCliente, IdVendedor, Fecha) VALUES (13, 1, 3, '2020-06-02');
INSERT INTO Venta (NroFactura, IdCliente, IdVendedor, Fecha) VALUES (14, 1, 4, '2020-06-02');
INSERT INTO Venta (NroFactura, IdCliente, IdVendedor, Fecha) VALUES (15, 1, 5, '2020-06-02');
INSERT INTO Venta (NroFactura, IdCliente, IdVendedor, Fecha) VALUES (16, 1, 6, '2020-06-02');
INSERT INTO Venta (NroFactura, IdCliente, IdVendedor, Fecha) VALUES (17, 1, 7, '2020-06-02');
INSERT INTO Venta (NroFactura, IdCliente, IdVendedor, Fecha) VALUES (18, 1, 8, '2020-06-02');
INSERT INTO Venta (NroFactura, IdCliente, IdVendedor, Fecha) VALUES (19, 1, 9, '2020-06-02');
INSERT INTO Venta (NroFactura, IdCliente, IdVendedor, Fecha) VALUES (20, 1, 10, '2020-06-02');
INSERT INTO Venta (NroFactura, IdCliente, IdVendedor, Fecha) VALUES (21, 1, 11, '2020-06-02');
INSERT INTO Venta (NroFactura, IdCliente, IdVendedor, Fecha) VALUES (22, 1, 12, '2020-06-02');
INSERT INTO Venta (NroFactura, IdCliente, IdVendedor, Fecha) VALUES (23, 1, 13, '2020-06-02');
INSERT INTO Venta (NroFactura, IdCliente, IdVendedor, Fecha) VALUES (24, 1, 14, '2020-06-02');
INSERT INTO Venta (NroFactura, IdCliente, IdVendedor, Fecha) VALUES (25, 1, 15, '2020-06-02');

INSERT INTO DetalleVenta (NroFactura, NroDetalle, IdProducto, Cantidad, PrecioUnitario) VALUES (1, 1, 1, 10, 30);
INSERT INTO DetalleVenta (NroFactura, NroDetalle, IdProducto, Cantidad, PrecioUnitario) VALUES (1, 2, 2, 10, 30);
INSERT INTO DetalleVenta (NroFactura, NroDetalle, IdProducto, Cantidad, PrecioUnitario) VALUES (1, 3, 3, 10, 30);
INSERT INTO DetalleVenta (NroFactura, NroDetalle, IdProducto, Cantidad, PrecioUnitario) VALUES (2, 1, 4, 10, 30);
INSERT INTO DetalleVenta (NroFactura, NroDetalle, IdProducto, Cantidad, PrecioUnitario) VALUES (2, 2, 1, 10, 30);
INSERT INTO DetalleVenta (NroFactura, NroDetalle, IdProducto, Cantidad, PrecioUnitario) VALUES (3, 1, 5, 10, 30);
INSERT INTO DetalleVenta (NroFactura, NroDetalle, IdProducto, Cantidad, PrecioUnitario) VALUES (4, 1, 6, 10, 30);
INSERT INTO DetalleVenta (NroFactura, NroDetalle, IdProducto, Cantidad, PrecioUnitario) VALUES (5, 1, 1, 10, 30);
INSERT INTO DetalleVenta (NroFactura, NroDetalle, IdProducto, Cantidad, PrecioUnitario) VALUES (6, 1, 4, 10, 30);
INSERT INTO DetalleVenta (NroFactura, NroDetalle, IdProducto, Cantidad, PrecioUnitario) VALUES (7, 1, 1, 10, 30);
INSERT INTO DetalleVenta (NroFactura, NroDetalle, IdProducto, Cantidad, PrecioUnitario) VALUES (7, 2, 2, 10, 30);
INSERT INTO DetalleVenta (NroFactura, NroDetalle, IdProducto, Cantidad, PrecioUnitario) VALUES (8, 1, 1, 10, 30);
INSERT INTO DetalleVenta (NroFactura, NroDetalle, IdProducto, Cantidad, PrecioUnitario) VALUES (9, 1, 3, 10, 30);
INSERT INTO DetalleVenta (NroFactura, NroDetalle, IdProducto, Cantidad, PrecioUnitario) VALUES (9, 2, 1, 10, 30);
INSERT INTO DetalleVenta (NroFactura, NroDetalle, IdProducto, Cantidad, PrecioUnitario) VALUES (10, 2, 1, 10, 30);